{"0": {"mean": -1.7976207342956518, "std": 18.620448315184728}, "1": {"mean": -2.052581657807565, "std": 13.941962207500119}, "2": {"mean": -1.855526213592233, "std": 13.787108913800049}, "3": {"mean": -1.0824869529082486, "std": 15.445568115641649}, "4": {"mean": -1.1331206276667172, "std": 25.058158919364697}, "5": {"mean": -0.49429660614690873, "std": 24.479246493596893}, "6": {"mean": -2.0114783511832424, "std": 9.379316165769762}, "7": {"mean": -0.9960047160637884, "std": 25.411313235799682}, "8": {"mean": -2.0144884966391605, "std": 24.848789813699597}, "9": {"mean": -1.5876223494190826, "std": 14.263069858221387}, "10": {"mean": -1.7129196660667867, "std": 14.03654235360675}, "11": {"mean": -2.0415448419010356, "std": 12.33214201132105}, "12": {"mean": -3.1126146195089257, "std": 14.972900862614798}, "13": {"mean": -1.1270642555199275, "std": 15.712746337360366}, "14": {"mean": -1.3769917103530203, "std": 18.881028669358148}, "15": {"mean": -1.1975715679541268, "std": 16.410864896346347}}